customer_id,avg_payment_amount,payment_frequency,preferred_method,preferred_payment_day,preferred_weekday,payment_day_variance,typical_payment_hour,successful_payments,failed_payments
CUST_00001,3305.31,weekly,NETBANKING,8,1,0,19,19,1
CUST_00002,781.73,monthly,UPI,19,3,0,8,19,1
CUST_00003,740.37,weekly,UPI,18,1,2,18,18,2
CUST_00004,3596.23,biweekly,CARD,15,4,1,20,18,2
CUST_00005,4385.71,weekly,WALLET,11,2,0,11,19,1
CUST_00006,4798.9,biweekly,UPI,3,3,0,13,18,2
CUST_00007,4283.22,monthly,NETBANKING,26,0,2,15,17,3
CUST_00008,2820.27,biweekly,UPI,18,2,2,17,17,3
CUST_00009,4461.62,biweekly,CARD,23,0,0,18,17,3
CUST_00010,1371.12,biweekly,UPI,28,1,0,14,18,2
CUST_00011,1606.48,monthly,NETBANKING,6,2,1,11,19,1
CUST_00012,3449.82,monthly,UPI,20,5,0,16,16,4
CUST_00013,3726.9,weekly,WALLET,13,2,2,19,20,0
CUST_00014,2917.66,monthly,NETBANKING,27,6,0,11,17,3
CUST_00015,4162.47,biweekly,WALLET,9,0,0,17,16,4
CUST_00016,4418.93,biweekly,CARD,21,3,1,18,16,4
CUST_00017,2456.6,biweekly,CARD,8,5,2,16,17,3
CUST_00018,1534.89,monthly,WALLET,19,3,1,11,18,2
CUST_00019,4987.43,weekly,WALLET,3,6,0,21,17,3
CUST_00020,815.35,monthly,CARD,26,5,1,17,16,4
CUST_00021,598.58,biweekly,WALLET,17,2,2,21,16,4
CUST_00022,4729.43,monthly,UPI,22,4,1,20,16,4
CUST_00023,3312.52,weekly,NETBANKING,14,1,1,8,18,2
CUST_00024,4782.93,monthly,NETBANKING,17,6,0,16,18,2
CUST_00025,4589.35,monthly,NETBANKING,27,5,2,17,16,4
CUST_00026,1234.88,biweekly,CARD,18,6,2,8,17,3
CUST_00027,3115.04,biweekly,UPI,4,2,1,11,16,4
CUST_00028,572.25,monthly,UPI,3,5,1,21,19,1
CUST_00029,625.3,monthly,CARD,5,5,1,16,18,2
CUST_00030,1076.1,monthly,WALLET,7,4,2,19,15,5
CUST_00031,1245.41,biweekly,WALLET,22,5,1,15,15,5
CUST_00032,4528.19,biweekly,UPI,8,1,0,13,16,4
CUST_00033,398.86,monthly,CARD,19,1,0,9,18,2
CUST_00034,3626.85,weekly,CARD,3,0,1,9,13,7
CUST_00035,2716.53,biweekly,WALLET,7,4,0,19,19,1
CUST_00036,4696.92,monthly,WALLET,8,6,1,20,17,3
CUST_00037,2213.18,weekly,UPI,22,3,1,14,20,0
CUST_00038,2232.18,monthly,UPI,22,5,2,9,16,4
CUST_00039,584.88,monthly,NETBANKING,26,6,0,11,19,1
CUST_00040,1200.47,monthly,WALLET,5,3,0,12,17,3
CUST_00041,2474.35,weekly,WALLET,26,6,2,9,19,1
CUST_00042,537.77,monthly,UPI,3,6,0,10,15,5
CUST_00043,2210.15,biweekly,CARD,28,3,0,10,19,1
CUST_00044,2081.17,biweekly,NETBANKING,26,6,1,12,17,3
CUST_00045,2288.14,monthly,WALLET,5,1,1,11,19,1
CUST_00046,4852.93,monthly,UPI,24,2,0,8,18,2
CUST_00047,3045.63,monthly,CARD,2,4,0,21,17,3
CUST_00048,1173.38,monthly,UPI,22,6,0,14,18,2
CUST_00049,863.47,monthly,CARD,19,4,0,17,18,2
CUST_00050,685.32,monthly,NETBANKING,9,1,2,19,19,1
CUST_00051,1776.66,biweekly,WALLET,5,5,2,12,18,2
CUST_00052,2448.96,weekly,UPI,15,4,2,9,18,2
CUST_00053,644.33,weekly,NETBANKING,5,2,0,11,16,4
CUST_00054,2036.78,weekly,WALLET,27,4,2,12,14,6
CUST_00055,3174.89,monthly,UPI,22,6,2,12,15,5
CUST_00056,4679.25,weekly,CARD,9,0,0,19,16,4
CUST_00057,2900.15,biweekly,NETBANKING,20,1,2,13,17,3
CUST_00058,1256.91,monthly,NETBANKING,17,3,1,21,16,4
CUST_00059,538.75,monthly,WALLET,27,2,0,8,19,1
CUST_00060,1867.72,weekly,NETBANKING,6,5,1,16,18,2
CUST_00061,3616.64,monthly,UPI,4,0,2,10,16,4
CUST_00062,2864.27,biweekly,CARD,14,1,0,12,20,0
CUST_00063,2013.86,weekly,NETBANKING,7,5,0,18,15,5
CUST_00064,783.13,monthly,WALLET,20,5,0,11,19,1
CUST_00065,4363.65,weekly,WALLET,1,1,2,13,19,1
CUST_00066,3977.22,biweekly,CARD,9,1,2,9,20,0
CUST_00067,2097.95,weekly,WALLET,8,1,1,13,16,4
CUST_00068,1734.4,weekly,CARD,1,5,0,14,17,3
CUST_00069,1842.83,weekly,NETBANKING,12,5,2,14,15,5
CUST_00070,3493.74,monthly,NETBANKING,1,0,1,10,18,2
CUST_00071,3028.77,biweekly,UPI,4,4,1,13,15,5
CUST_00072,3724.16,biweekly,WALLET,20,4,0,14,19,1
CUST_00073,4527.67,weekly,NETBANKING,2,5,1,8,17,3
CUST_00074,2743.63,monthly,CARD,12,3,0,18,18,2
CUST_00075,4627.62,monthly,NETBANKING,22,6,0,19,17,3
CUST_00076,4530.22,monthly,NETBANKING,22,3,1,14,18,2
CUST_00077,3576.88,monthly,CARD,7,3,2,14,16,4
CUST_00078,3483.39,weekly,NETBANKING,13,4,0,12,19,1
CUST_00079,1648.49,biweekly,NETBANKING,15,3,1,18,17,3
CUST_00080,1304.4,biweekly,CARD,22,0,1,16,14,6
CUST_00081,3420.11,monthly,NETBANKING,3,6,0,18,18,2
CUST_00082,1758.97,weekly,CARD,1,0,0,15,18,2
CUST_00083,3172.99,weekly,WALLET,14,5,2,11,16,4
CUST_00084,3676.23,biweekly,WALLET,13,1,0,18,17,3
CUST_00085,3531.83,weekly,WALLET,8,1,2,16,17,3
CUST_00086,2483.38,monthly,CARD,28,0,1,10,12,8
CUST_00087,4066.66,monthly,NETBANKING,25,3,2,21,17,3
CUST_00088,3680.59,monthly,WALLET,27,4,1,10,14,6
CUST_00089,3795.18,biweekly,WALLET,9,6,0,21,13,7
CUST_00090,3297.01,monthly,WALLET,21,1,1,15,14,6
CUST_00091,664.17,biweekly,CARD,9,2,1,16,18,2
CUST_00092,678.71,weekly,CARD,13,5,0,19,18,2
CUST_00093,1305.58,biweekly,WALLET,11,4,1,14,18,2
CUST_00094,592.65,biweekly,WALLET,25,4,2,8,18,2
CUST_00095,4326.64,monthly,WALLET,16,0,1,12,17,3
CUST_00096,3841.33,biweekly,CARD,16,1,1,14,17,3
CUST_00097,2582.52,biweekly,NETBANKING,22,5,1,19,18,2
CUST_00098,1075.71,biweekly,CARD,20,4,0,14,15,5
CUST_00099,3081.9,monthly,UPI,3,5,1,10,18,2
CUST_00100,4374.2,weekly,UPI,9,3,1,11,17,3
CUST_00101,2437.09,biweekly,WALLET,9,6,1,12,15,5
CUST_00102,4224.08,biweekly,UPI,24,4,0,13,15,5
CUST_00103,1353.84,weekly,UPI,25,0,0,11,16,4
CUST_00104,4244.38,monthly,CARD,8,1,1,18,17,3
CUST_00105,837.63,weekly,WALLET,23,2,1,10,18,2
CUST_00106,3147.7,monthly,UPI,25,6,0,12,19,1
CUST_00107,808.06,weekly,NETBANKING,19,5,1,14,17,3
CUST_00108,4724.91,weekly,UPI,19,5,2,11,19,1
CUST_00109,778.94,biweekly,UPI,26,4,0,13,16,4
CUST_00110,2803.9,monthly,NETBANKING,3,4,2,13,16,4
CUST_00111,359.47,biweekly,WALLET,4,3,1,18,18,2
CUST_00112,4490.4,biweekly,CARD,14,1,2,16,17,3
CUST_00113,4837.73,biweekly,WALLET,15,3,2,17,18,2
CUST_00114,1561.46,weekly,UPI,9,3,0,20,18,2
CUST_00115,2484.13,monthly,WALLET,11,0,1,21,19,1
CUST_00116,1827.57,biweekly,CARD,12,6,1,13,16,4
CUST_00117,1614.39,monthly,NETBANKING,18,0,2,11,16,4
CUST_00118,702.38,monthly,WALLET,16,4,0,19,18,2
CUST_00119,2537.64,monthly,WALLET,15,6,0,9,18,2
CUST_00120,1682.91,biweekly,CARD,10,5,2,13,16,4
CUST_00121,2524.32,monthly,NETBANKING,14,5,2,13,16,4
CUST_00122,1953.51,biweekly,NETBANKING,10,2,0,9,18,2
CUST_00123,3690.04,biweekly,UPI,24,4,2,10,17,3
CUST_00124,1200.24,monthly,WALLET,9,5,2,20,16,4
CUST_00125,2765.79,biweekly,UPI,27,1,1,11,19,1
CUST_00126,1996.14,biweekly,UPI,23,4,0,12,18,2
CUST_00127,513.92,weekly,NETBANKING,23,1,2,21,17,3
CUST_00128,3838.12,weekly,UPI,19,2,1,15,17,3
CUST_00129,2370.2,weekly,UPI,9,6,1,9,19,1
CUST_00130,4163.94,biweekly,WALLET,3,4,2,18,16,4
CUST_00131,551.96,weekly,NETBANKING,3,1,0,16,17,3
CUST_00132,3892.88,monthly,CARD,25,4,1,15,18,2
CUST_00133,4569.97,biweekly,WALLET,10,4,2,8,16,4
CUST_00134,3165.27,monthly,UPI,25,1,2,11,17,3
CUST_00135,1543.84,weekly,CARD,8,1,2,9,19,1
CUST_00136,1035.7,biweekly,WALLET,23,4,1,12,19,1
CUST_00137,453.41,biweekly,NETBANKING,23,6,1,9,18,2
CUST_00138,3530.71,biweekly,CARD,14,0,2,11,17,3
CUST_00139,3343.88,biweekly,CARD,3,0,0,20,15,5
CUST_00140,1745.78,monthly,NETBANKING,15,0,1,19,17,3
CUST_00141,1729.23,biweekly,NETBANKING,17,4,1,15,20,0
CUST_00142,678.08,weekly,WALLET,24,2,2,12,15,5
CUST_00143,421.56,weekly,UPI,25,5,1,17,18,2
CUST_00144,489.09,weekly,WALLET,17,5,1,12,16,4
CUST_00145,1153.0,monthly,WALLET,21,6,1,9,15,5
CUST_00146,2509.05,biweekly,NETBANKING,11,5,0,21,18,2
CUST_00147,1055.88,biweekly,WALLET,10,5,1,21,18,2
CUST_00148,3874.35,weekly,WALLET,3,2,1,13,18,2
CUST_00149,844.83,biweekly,UPI,22,6,2,15,19,1
CUST_00150,2242.26,weekly,NETBANKING,20,6,1,18,17,3
CUST_00151,2377.59,weekly,CARD,9,4,0,12,18,2
CUST_00152,2359.15,monthly,WALLET,4,0,2,17,15,5
CUST_00153,4056.77,monthly,CARD,10,4,0,16,19,1
CUST_00154,2217.56,weekly,UPI,15,0,2,21,19,1
CUST_00155,1023.66,monthly,NETBANKING,17,5,1,14,20,0
CUST_00156,4223.2,biweekly,CARD,15,4,0,14,18,2
CUST_00157,1195.87,monthly,CARD,28,0,1,20,16,4
CUST_00158,4013.03,biweekly,NETBANKING,26,4,1,21,18,2
CUST_00159,312.06,monthly,NETBANKING,27,4,2,18,17,3
CUST_00160,2601.31,weekly,WALLET,18,3,1,13,17,3
CUST_00161,2894.01,monthly,WALLET,15,2,0,19,17,3
CUST_00162,1422.39,biweekly,CARD,28,6,1,8,16,4
CUST_00163,1795.43,biweekly,WALLET,13,5,2,10,17,3
CUST_00164,2628.04,weekly,CARD,17,4,1,21,19,1
CUST_00165,771.71,biweekly,UPI,17,3,0,19,18,2
CUST_00166,977.53,monthly,CARD,3,3,1,13,19,1
CUST_00167,3229.32,biweekly,UPI,28,2,2,21,19,1
CUST_00168,2808.02,biweekly,WALLET,28,4,0,17,13,7
CUST_00169,621.58,monthly,NETBANKING,8,5,0,14,18,2
CUST_00170,4898.19,monthly,UPI,15,1,2,12,20,0
CUST_00171,4546.09,weekly,NETBANKING,26,0,1,13,17,3
CUST_00172,2061.75,weekly,CARD,17,3,2,18,17,3
CUST_00173,4024.84,weekly,CARD,3,4,1,17,17,3
CUST_00174,3510.73,biweekly,CARD,8,3,2,12,18,2
CUST_00175,2459.98,monthly,UPI,26,3,1,18,15,5
CUST_00176,2869.01,weekly,WALLET,12,4,1,18,19,1
CUST_00177,4821.54,monthly,NETBANKING,15,6,1,11,15,5
CUST_00178,4997.06,biweekly,UPI,8,3,2,13,13,7
CUST_00179,3001.62,monthly,NETBANKING,1,6,2,14,16,4
CUST_00180,1590.06,monthly,UPI,20,5,1,21,17,3
CUST_00181,4549.53,biweekly,CARD,20,6,1,11,18,2
CUST_00182,3292.1,monthly,NETBANKING,22,6,2,20,16,4
CUST_00183,3398.15,weekly,UPI,21,5,0,12,19,1
CUST_00184,4006.47,weekly,NETBANKING,24,1,0,12,17,3
CUST_00185,1835.58,biweekly,CARD,7,1,2,13,16,4
CUST_00186,2795.01,biweekly,CARD,9,6,1,20,18,2
CUST_00187,1687.16,biweekly,UPI,15,0,0,20,16,4
CUST_00188,4842.55,monthly,WALLET,28,6,2,13,16,4
CUST_00189,724.42,biweekly,UPI,9,4,0,15,17,3
CUST_00190,2032.35,monthly,NETBANKING,19,3,2,13,17,3
CUST_00191,809.23,weekly,WALLET,1,4,2,13,17,3
CUST_00192,4601.7,weekly,UPI,21,6,1,19,18,2
CUST_00193,1720.29,biweekly,UPI,5,0,0,12,18,2
CUST_00194,4980.86,weekly,UPI,8,4,0,14,18,2
CUST_00195,2432.13,monthly,WALLET,19,5,2,10,19,1
CUST_00196,4461.44,monthly,UPI,27,3,2,14,16,4
CUST_00197,4713.55,biweekly,UPI,23,2,0,15,16,4
CUST_00198,2390.07,weekly,NETBANKING,4,5,1,16,18,2
CUST_00199,4537.97,monthly,NETBANKING,2,3,1,11,15,5
CUST_00200,4850.57,biweekly,UPI,22,1,2,18,15,5
CUST_00201,3106.59,weekly,UPI,26,2,0,10,18,2
CUST_00202,3998.8,weekly,UPI,27,6,2,11,16,4
CUST_00203,3056.0,weekly,NETBANKING,25,1,2,8,16,4
CUST_00204,1603.19,weekly,CARD,18,2,0,9,15,5
CUST_00205,3406.97,weekly,CARD,1,2,0,17,15,5
CUST_00206,1821.73,weekly,NETBANKING,2,1,2,14,18,2
CUST_00207,2772.6,monthly,UPI,16,3,1,16,18,2
CUST_00208,3090.23,biweekly,CARD,20,0,2,20,17,3
CUST_00209,4571.13,monthly,NETBANKING,15,5,0,8,18,2
CUST_00210,4993.36,biweekly,WALLET,22,0,1,19,17,3
CUST_00211,4575.59,weekly,UPI,11,4,0,9,17,3
CUST_00212,893.1,monthly,NETBANKING,13,4,2,12,15,5
CUST_00213,2432.46,monthly,WALLET,4,6,2,9,20,0
CUST_00214,4308.13,monthly,CARD,14,3,0,14,17,3
CUST_00215,1892.98,biweekly,WALLET,14,5,0,13,17,3
CUST_00216,2305.79,monthly,NETBANKING,12,1,2,15,18,2
CUST_00217,615.53,weekly,UPI,14,0,2,19,17,3
CUST_00218,2051.44,weekly,UPI,19,4,2,13,15,5
CUST_00219,3449.06,biweekly,NETBANKING,28,5,1,21,19,1
CUST_00220,4604.47,weekly,NETBANKING,20,2,1,9,19,1
CUST_00221,3016.22,weekly,CARD,22,3,0,21,17,3
CUST_00222,808.63,monthly,NETBANKING,4,6,1,17,16,4
CUST_00223,1362.95,biweekly,UPI,20,5,2,12,16,4
CUST_00224,436.08,biweekly,NETBANKING,11,2,0,10,14,6
CUST_00225,4388.35,monthly,WALLET,3,1,2,18,17,3
CUST_00226,4867.51,weekly,CARD,13,3,1,13,17,3
CUST_00227,1039.82,biweekly,NETBANKING,25,4,2,9,17,3
CUST_00228,4451.71,weekly,CARD,25,4,0,18,17,3
CUST_00229,683.43,biweekly,WALLET,16,4,1,14,14,6
CUST_00230,1583.88,monthly,UPI,12,3,0,12,17,3
CUST_00231,3487.62,monthly,WALLET,17,5,1,8,19,1
CUST_00232,1336.44,monthly,UPI,1,1,1,11,14,6
CUST_00233,3906.54,biweekly,NETBANKING,11,0,0,15,18,2
CUST_00234,3810.97,weekly,CARD,13,4,2,11,16,4
CUST_00235,2651.23,monthly,NETBANKING,3,3,2,8,14,6
CUST_00236,2350.23,biweekly,UPI,28,2,2,14,15,5
CUST_00237,2994.98,monthly,WALLET,10,0,1,8,16,4
CUST_00238,4841.14,weekly,WALLET,27,5,1,9,17,3
CUST_00239,2352.55,weekly,CARD,14,4,1,16,19,1
CUST_00240,669.64,biweekly,NETBANKING,8,2,0,9,16,4
CUST_00241,2699.27,weekly,CARD,25,2,1,19,18,2
CUST_00242,4803.65,monthly,CARD,8,0,0,12,20,0
CUST_00243,1227.18,monthly,CARD,25,6,2,9,17,3
CUST_00244,1132.59,monthly,WALLET,15,6,2,20,20,0
CUST_00245,3023.5,monthly,NETBANKING,28,5,1,10,16,4
CUST_00246,2366.89,biweekly,WALLET,21,2,1,17,16,4
CUST_00247,564.01,monthly,UPI,10,3,1,8,18,2
CUST_00248,567.38,biweekly,UPI,21,6,0,17,18,2
CUST_00249,3092.18,biweekly,WALLET,19,4,2,8,17,3
CUST_00250,2413.75,monthly,CARD,11,4,1,16,19,1
CUST_00251,1009.05,weekly,WALLET,4,6,1,19,19,1
CUST_00252,696.35,monthly,CARD,2,1,2,15,16,4
CUST_00253,4957.63,monthly,CARD,12,2,1,14,14,6
CUST_00254,2221.22,biweekly,UPI,26,5,2,13,16,4
CUST_00255,609.79,weekly,WALLET,10,2,2,21,17,3
CUST_00256,3385.85,monthly,CARD,11,0,2,18,19,1
CUST_00257,964.71,biweekly,NETBANKING,21,5,2,14,16,4
CUST_00258,906.07,monthly,UPI,10,4,1,18,17,3
CUST_00259,4020.81,weekly,UPI,21,5,1,16,16,4
CUST_00260,2000.59,biweekly,NETBANKING,6,1,1,20,18,2
CUST_00261,2585.47,weekly,CARD,5,0,1,21,19,1
CUST_00262,4004.16,monthly,UPI,22,2,2,10,16,4
CUST_00263,3107.06,weekly,CARD,6,6,2,20,20,0
CUST_00264,3236.28,weekly,WALLET,2,3,1,18,16,4
CUST_00265,3682.05,biweekly,NETBANKING,25,5,1,11,17,3
CUST_00266,2809.85,biweekly,WALLET,27,1,1,18,17,3
CUST_00267,4751.51,biweekly,WALLET,25,2,1,16,17,3
CUST_00268,2779.06,weekly,CARD,26,4,0,21,17,3
CUST_00269,1475.02,monthly,WALLET,28,2,2,9,19,1
CUST_00270,3643.58,monthly,UPI,10,0,0,12,16,4
CUST_00271,2411.8,monthly,CARD,27,3,0,11,15,5
CUST_00272,4138.51,biweekly,UPI,14,0,1,16,17,3
CUST_00273,2057.62,biweekly,UPI,12,1,0,13,20,0
CUST_00274,4674.88,monthly,NETBANKING,26,1,0,8,19,1
CUST_00275,1648.33,biweekly,CARD,25,5,1,15,15,5
CUST_00276,3192.14,weekly,UPI,9,1,0,16,16,4
CUST_00277,4719.06,monthly,WALLET,4,6,1,11,15,5
CUST_00278,1715.41,weekly,CARD,14,5,2,15,17,3
CUST_00279,595.19,biweekly,UPI,21,4,2,11,14,6
CUST_00280,3677.16,biweekly,WALLET,1,4,1,11,17,3
CUST_00281,2982.12,weekly,UPI,17,2,0,16,19,1
CUST_00282,2857.19,monthly,UPI,13,6,1,8,19,1
CUST_00283,3287.65,biweekly,NETBANKING,24,0,1,20,15,5
CUST_00284,617.53,weekly,UPI,25,4,2,20,15,5
CUST_00285,1862.84,weekly,NETBANKING,18,2,2,10,15,5
CUST_00286,4202.8,monthly,WALLET,23,3,2,10,13,7
CUST_00287,4114.04,weekly,WALLET,2,2,0,8,16,4
CUST_00288,4018.21,weekly,NETBANKING,10,4,1,21,18,2
CUST_00289,2852.24,biweekly,UPI,25,5,0,12,18,2
CUST_00290,1977.78,weekly,NETBANKING,9,0,1,14,15,5
CUST_00291,4480.59,monthly,WALLET,13,2,0,15,17,3
CUST_00292,3552.72,biweekly,NETBANKING,26,0,2,14,17,3
CUST_00293,670.96,monthly,CARD,18,2,1,9,15,5
CUST_00294,676.32,monthly,NETBANKING,10,3,2,19,19,1
CUST_00295,2302.75,monthly,WALLET,12,3,0,19,17,3
CUST_00296,4389.17,biweekly,WALLET,9,5,0,9,17,3
CUST_00297,3454.56,biweekly,NETBANKING,17,6,2,18,19,1
CUST_00298,1051.94,weekly,CARD,28,4,2,20,18,2
CUST_00299,2359.41,weekly,UPI,8,6,2,13,17,3
CUST_00300,2002.11,monthly,UPI,20,1,2,15,17,3
CUST_00301,4759.47,biweekly,WALLET,25,0,2,10,18,2
CUST_00302,2788.46,biweekly,NETBANKING,21,2,0,9,17,3
CUST_00303,421.79,weekly,WALLET,17,3,2,9,15,5
CUST_00304,1530.35,biweekly,WALLET,7,4,1,19,17,3
CUST_00305,4607.45,biweekly,CARD,4,1,0,15,16,4
CUST_00306,1111.48,monthly,WALLET,3,6,2,21,17,3
CUST_00307,4936.9,monthly,NETBANKING,23,0,2,16,16,4
CUST_00308,1664.7,biweekly,CARD,23,5,2,18,16,4
CUST_00309,1118.23,biweekly,CARD,4,1,0,11,17,3
CUST_00310,4014.75,weekly,NETBANKING,18,4,1,15,17,3
CUST_00311,4077.21,monthly,CARD,20,0,0,12,16,4
CUST_00312,2171.35,monthly,WALLET,17,3,1,21,18,2
CUST_00313,3002.03,weekly,NETBANKING,21,0,1,15,17,3
CUST_00314,3496.51,biweekly,CARD,27,6,2,18,18,2
CUST_00315,3062.59,weekly,WALLET,17,6,0,21,18,2
CUST_00316,883.56,weekly,NETBANKING,6,1,1,19,17,3
CUST_00317,1359.71,monthly,NETBANKING,28,0,1,11,17,3
CUST_00318,3284.77,monthly,NETBANKING,5,5,1,17,19,1
CUST_00319,2807.35,monthly,CARD,19,4,0,10,17,3
CUST_00320,3396.04,monthly,NETBANKING,27,4,0,21,16,4
CUST_00321,4359.77,weekly,UPI,21,6,2,12,16,4
CUST_00322,3360.31,monthly,WALLET,20,5,0,15,16,4
CUST_00323,4478.29,monthly,NETBANKING,21,2,1,11,17,3
CUST_00324,4082.03,monthly,WALLET,10,3,0,19,16,4
CUST_00325,581.59,biweekly,WALLET,16,3,0,13,17,3
CUST_00326,3151.3,biweekly,NETBANKING,24,6,1,14,17,3
CUST_00327,914.6,biweekly,UPI,11,1,1,9,20,0
CUST_00328,1557.12,weekly,CARD,4,0,1,14,17,3
CUST_00329,4361.57,biweekly,CARD,28,1,1,17,16,4
CUST_00330,3689.3,weekly,CARD,16,4,1,15,15,5
CUST_00331,4431.66,biweekly,UPI,3,3,2,15,16,4
CUST_00332,4843.43,weekly,NETBANKING,2,0,1,15,19,1
CUST_00333,3108.34,monthly,WALLET,10,4,0,21,16,4
CUST_00334,805.24,weekly,NETBANKING,24,2,1,13,17,3
CUST_00335,512.64,weekly,CARD,12,4,1,9,16,4
CUST_00336,2115.84,biweekly,NETBANKING,27,4,2,17,16,4
CUST_00337,858.41,weekly,WALLET,12,6,1,16,19,1
CUST_00338,4713.06,weekly,CARD,20,4,1,16,17,3
CUST_00339,489.2,weekly,CARD,23,2,1,16,15,5
CUST_00340,2447.85,monthly,CARD,11,4,1,10,16,4
CUST_00341,2146.89,monthly,NETBANKING,19,2,2,21,14,6
CUST_00342,2695.66,biweekly,NETBANKING,16,6,0,13,14,6
CUST_00343,1856.83,weekly,WALLET,19,2,2,21,19,1
CUST_00344,3533.81,weekly,WALLET,9,5,2,17,19,1
CUST_00345,1369.45,weekly,WALLET,6,4,2,19,17,3
CUST_00346,3212.76,biweekly,CARD,27,5,0,8,18,2
CUST_00347,2991.08,monthly,UPI,7,0,1,13,15,5
CUST_00348,2268.27,biweekly,CARD,14,4,2,15,16,4
CUST_00349,4402.24,monthly,UPI,23,1,2,11,17,3
CUST_00350,2936.17,monthly,WALLET,17,3,1,10,17,3
CUST_00351,2460.42,monthly,NETBANKING,18,2,2,20,20,0
CUST_00352,4377.98,monthly,NETBANKING,20,3,0,11,15,5
CUST_00353,1611.33,biweekly,CARD,10,6,1,19,18,2
CUST_00354,1274.21,monthly,WALLET,11,3,1,16,17,3
CUST_00355,4688.39,monthly,NETBANKING,10,0,2,18,14,6
CUST_00356,2853.0,biweekly,NETBANKING,25,6,0,12,18,2
CUST_00357,497.71,monthly,UPI,12,3,2,12,18,2
CUST_00358,3812.49,weekly,CARD,27,4,1,16,16,4
CUST_00359,3572.01,weekly,UPI,20,5,2,11,13,7
CUST_00360,1439.55,monthly,CARD,21,1,0,9,17,3
CUST_00361,2242.52,monthly,WALLET,4,5,0,8,18,2
CUST_00362,4833.24,weekly,WALLET,21,3,1,18,17,3
CUST_00363,1237.44,biweekly,NETBANKING,10,5,0,20,14,6
CUST_00364,720.47,monthly,CARD,18,5,2,21,17,3
CUST_00365,4702.35,weekly,WALLET,27,1,0,21,19,1
CUST_00366,2165.87,biweekly,CARD,24,6,1,8,18,2
CUST_00367,343.56,monthly,UPI,11,2,1,18,18,2
CUST_00368,2853.51,biweekly,CARD,28,4,1,12,18,2
CUST_00369,1206.21,weekly,NETBANKING,6,5,1,18,17,3
CUST_00370,1509.14,weekly,UPI,24,2,1,17,16,4
CUST_00371,3469.69,weekly,CARD,20,6,2,14,18,2
CUST_00372,4186.85,monthly,NETBANKING,3,3,2,9,18,2
CUST_00373,1168.47,weekly,WALLET,11,1,0,12,20,0
CUST_00374,2102.8,biweekly,NETBANKING,11,2,2,19,19,1
CUST_00375,2992.52,biweekly,NETBANKING,23,1,0,18,16,4
CUST_00376,855.66,biweekly,CARD,13,5,2,19,18,2
CUST_00377,3918.25,monthly,UPI,21,2,1,17,15,5
CUST_00378,1337.99,weekly,WALLET,5,3,2,17,17,3
CUST_00379,2056.04,monthly,WALLET,25,4,2,21,20,0
CUST_00380,1326.53,weekly,UPI,17,3,2,19,15,5
CUST_00381,2000.39,monthly,UPI,2,6,2,16,13,7
CUST_00382,1250.14,monthly,CARD,6,2,2,15,15,5
CUST_00383,846.33,weekly,WALLET,3,4,1,20,16,4
CUST_00384,561.49,weekly,WALLET,15,4,0,16,19,1
CUST_00385,2473.18,biweekly,UPI,13,2,0,19,17,3
CUST_00386,1324.14,weekly,UPI,14,2,2,9,18,2
CUST_00387,2843.47,weekly,UPI,16,0,1,14,17,3
CUST_00388,1145.91,weekly,WALLET,12,3,1,21,18,2
CUST_00389,4610.44,biweekly,WALLET,3,5,2,21,18,2
CUST_00390,2834.71,monthly,NETBANKING,4,1,2,14,18,2
CUST_00391,2785.56,monthly,CARD,27,0,0,12,15,5
CUST_00392,2476.12,monthly,WALLET,18,3,0,11,20,0
CUST_00393,2464.94,weekly,NETBANKING,7,5,0,8,15,5
CUST_00394,4104.55,biweekly,UPI,8,1,0,9,13,7
CUST_00395,3091.54,biweekly,UPI,8,5,0,14,19,1
CUST_00396,2363.13,monthly,CARD,25,6,0,10,16,4
CUST_00397,2668.31,biweekly,CARD,27,5,2,13,18,2
CUST_00398,3014.13,monthly,NETBANKING,8,2,0,18,16,4
CUST_00399,2749.88,biweekly,NETBANKING,9,0,2,17,19,1
CUST_00400,4434.66,weekly,WALLET,18,3,0,13,16,4
CUST_00401,4725.46,monthly,WALLET,26,4,1,19,20,0
CUST_00402,2256.73,weekly,NETBANKING,13,1,2,15,17,3
CUST_00403,1432.55,weekly,NETBANKING,28,5,0,20,18,2
CUST_00404,2476.22,weekly,WALLET,14,4,2,10,20,0
CUST_00405,2125.57,biweekly,CARD,11,5,0,15,16,4
CUST_00406,4281.53,weekly,CARD,2,2,1,18,18,2
CUST_00407,3143.36,weekly,UPI,7,6,2,19,16,4
CUST_00408,3455.82,weekly,WALLET,7,6,1,12,17,3
CUST_00409,4797.99,weekly,CARD,7,5,0,19,18,2
CUST_00410,4997.99,biweekly,CARD,23,4,2,11,15,5
CUST_00411,2164.17,weekly,NETBANKING,25,2,1,15,19,1
CUST_00412,2808.16,biweekly,NETBANKING,9,2,2,15,16,4
CUST_00413,2490.22,monthly,WALLET,25,6,1,11,18,2
CUST_00414,2042.31,biweekly,UPI,19,6,0,19,17,3
CUST_00415,985.84,biweekly,WALLET,10,1,0,13,16,4
CUST_00416,1381.09,monthly,CARD,16,4,2,18,14,6
CUST_00417,1886.55,biweekly,WALLET,15,1,2,20,16,4
CUST_00418,1955.23,weekly,WALLET,6,4,2,8,15,5
CUST_00419,2762.54,weekly,UPI,25,0,1,10,15,5
CUST_00420,4259.96,weekly,UPI,23,1,0,11,19,1
CUST_00421,2676.94,biweekly,UPI,20,5,2,17,15,5
CUST_00422,4589.93,monthly,WALLET,1,0,2,16,14,6
CUST_00423,2233.29,weekly,NETBANKING,18,2,0,16,17,3
CUST_00424,4121.84,monthly,WALLET,26,1,0,9,20,0
CUST_00425,2764.61,weekly,CARD,20,4,1,21,16,4
CUST_00426,1965.87,biweekly,UPI,12,3,1,17,20,0
CUST_00427,1443.08,monthly,CARD,10,5,0,18,16,4
CUST_00428,4960.87,monthly,UPI,3,3,1,14,17,3
CUST_00429,2897.7,weekly,UPI,23,1,0,15,16,4
CUST_00430,4273.05,monthly,NETBANKING,19,6,0,16,17,3
CUST_00431,4620.02,weekly,CARD,28,5,2,15,18,2
CUST_00432,1574.15,weekly,NETBANKING,18,4,2,8,15,5
CUST_00433,1142.97,biweekly,UPI,7,4,0,20,18,2
CUST_00434,4157.25,biweekly,UPI,10,1,2,11,15,5
CUST_00435,2963.47,biweekly,NETBANKING,13,6,2,10,18,2
CUST_00436,4015.34,monthly,UPI,17,5,1,8,18,2
CUST_00437,759.12,weekly,UPI,11,4,2,17,19,1
CUST_00438,2164.5,biweekly,UPI,21,2,1,15,19,1
CUST_00439,1372.25,monthly,WALLET,14,1,2,17,16,4
CUST_00440,3405.16,weekly,NETBANKING,26,1,2,9,18,2
CUST_00441,685.58,weekly,WALLET,23,6,2,10,17,3
CUST_00442,3776.38,biweekly,NETBANKING,4,0,0,12,18,2
CUST_00443,2390.26,biweekly,UPI,5,0,0,14,17,3
CUST_00444,2409.57,monthly,WALLET,4,0,0,13,15,5
CUST_00445,2904.83,monthly,NETBANKING,28,3,0,12,19,1
CUST_00446,2244.91,weekly,CARD,19,4,0,18,16,4
CUST_00447,2089.44,weekly,NETBANKING,10,2,1,10,19,1
CUST_00448,597.36,biweekly,NETBANKING,14,2,1,20,18,2
CUST_00449,661.53,biweekly,CARD,24,5,1,17,17,3
CUST_00450,3198.34,biweekly,UPI,5,2,0,14,15,5
CUST_00451,1861.42,monthly,WALLET,26,6,1,15,18,2
CUST_00452,1873.26,monthly,CARD,10,2,2,19,16,4
CUST_00453,1244.0,biweekly,CARD,13,2,1,19,17,3
CUST_00454,3566.3,biweekly,CARD,11,3,1,21,16,4
CUST_00455,3993.57,biweekly,UPI,19,1,2,16,17,3
CUST_00456,1145.66,monthly,UPI,24,3,2,11,19,1
CUST_00457,2360.74,biweekly,UPI,27,6,1,18,16,4
CUST_00458,2646.73,monthly,NETBANKING,8,2,2,10,17,3
CUST_00459,3661.61,biweekly,UPI,15,4,1,17,17,3
CUST_00460,2183.78,monthly,WALLET,18,0,1,19,16,4
CUST_00461,4508.86,monthly,UPI,4,6,0,18,17,3
CUST_00462,3424.06,weekly,UPI,19,5,2,18,20,0
CUST_00463,2178.2,biweekly,WALLET,4,0,0,12,17,3
CUST_00464,1343.41,monthly,CARD,15,2,1,15,16,4
CUST_00465,3930.01,monthly,CARD,12,0,1,9,15,5
CUST_00466,1688.53,weekly,UPI,27,5,0,13,17,3
CUST_00467,1765.88,biweekly,CARD,17,3,1,15,17,3
CUST_00468,758.83,monthly,WALLET,11,0,1,8,19,1
CUST_00469,4107.87,weekly,UPI,28,2,2,9,17,3
CUST_00470,3482.55,weekly,CARD,17,1,2,10,16,4
CUST_00471,1855.65,biweekly,WALLET,8,6,1,18,17,3
CUST_00472,1166.92,monthly,WALLET,13,0,2,17,17,3
CUST_00473,4450.56,biweekly,WALLET,13,0,2,11,17,3
CUST_00474,1267.19,monthly,UPI,19,0,2,10,15,5
CUST_00475,2019.23,weekly,WALLET,4,2,2,21,18,2
CUST_00476,2600.57,monthly,NETBANKING,20,3,2,14,17,3
CUST_00477,3058.92,biweekly,NETBANKING,28,3,2,10,17,3
CUST_00478,4124.57,monthly,NETBANKING,20,4,0,18,13,7
CUST_00479,929.55,weekly,CARD,10,0,0,13,17,3
CUST_00480,3559.15,monthly,WALLET,14,4,0,17,17,3
CUST_00481,2103.44,weekly,WALLET,21,4,2,18,19,1
CUST_00482,4674.27,weekly,CARD,16,2,0,10,18,2
CUST_00483,1778.53,biweekly,UPI,28,2,0,15,18,2
CUST_00484,941.71,biweekly,WALLET,14,5,1,14,18,2
CUST_00485,3637.67,biweekly,WALLET,6,0,2,8,18,2
CUST_00486,4040.64,weekly,NETBANKING,2,2,0,16,17,3
CUST_00487,1656.75,biweekly,WALLET,18,4,0,17,18,2
CUST_00488,836.77,monthly,NETBANKING,18,6,0,20,18,2
CUST_00489,3679.21,monthly,CARD,14,0,2,21,16,4
CUST_00490,3372.26,weekly,NETBANKING,28,0,1,12,18,2
CUST_00491,1938.31,weekly,WALLET,28,0,0,11,18,2
CUST_00492,4110.3,monthly,NETBANKING,28,5,2,18,20,0
CUST_00493,2312.39,monthly,CARD,26,1,0,20,18,2
CUST_00494,578.98,biweekly,NETBANKING,20,4,0,13,17,3
CUST_00495,4901.3,biweekly,NETBANKING,19,2,2,18,12,8
CUST_00496,4131.35,weekly,WALLET,2,2,2,10,19,1
CUST_00497,3596.7,weekly,CARD,5,5,1,21,18,2
CUST_00498,1463.51,monthly,WALLET,16,1,2,18,17,3
CUST_00499,1562.97,biweekly,WALLET,15,0,2,20,14,6
CUST_00500,4436.59,weekly,WALLET,17,5,1,19,16,4
CUST_00501,4700.78,biweekly,WALLET,16,2,2,8,15,5
CUST_00502,4383.87,monthly,UPI,24,3,2,18,18,2
CUST_00503,3577.26,weekly,WALLET,7,3,0,15,15,5
CUST_00504,1562.12,biweekly,NETBANKING,18,4,0,17,15,5
CUST_00505,4306.39,biweekly,UPI,2,0,2,20,18,2
CUST_00506,4232.5,weekly,UPI,28,1,1,15,18,2
CUST_00507,303.18,biweekly,CARD,23,1,2,12,18,2
CUST_00508,1047.19,biweekly,UPI,21,2,1,9,17,3
CUST_00509,2047.67,monthly,CARD,2,3,2,12,17,3
CUST_00510,3712.15,weekly,WALLET,21,0,2,9,18,2
CUST_00511,305.11,biweekly,UPI,5,4,0,16,15,5
CUST_00512,3495.92,weekly,UPI,23,2,0,21,15,5
CUST_00513,2284.88,weekly,WALLET,3,1,1,9,15,5
CUST_00514,3734.59,weekly,UPI,11,2,1,10,16,4
CUST_00515,2098.79,weekly,CARD,3,4,2,8,16,4
CUST_00516,3168.5,weekly,WALLET,12,5,0,18,15,5
CUST_00517,3816.86,biweekly,WALLET,28,1,0,9,19,1
CUST_00518,958.06,weekly,WALLET,12,3,1,20,19,1
CUST_00519,957.2,biweekly,UPI,8,4,2,17,17,3
CUST_00520,3689.54,biweekly,UPI,28,6,2,12,17,3
CUST_00521,1265.59,monthly,CARD,24,3,1,18,15,5
CUST_00522,556.47,weekly,WALLET,13,0,0,15,18,2
CUST_00523,3298.99,weekly,UPI,12,2,0,14,15,5
CUST_00524,4345.83,monthly,WALLET,12,4,2,10,17,3
CUST_00525,3884.81,weekly,UPI,19,0,0,12,16,4
CUST_00526,1313.99,weekly,WALLET,17,2,2,19,17,3
CUST_00527,2654.93,biweekly,WALLET,23,3,0,18,18,2
CUST_00528,2821.85,monthly,CARD,9,0,1,9,18,2
CUST_00529,2703.13,weekly,CARD,18,2,1,17,15,5
CUST_00530,3281.18,monthly,UPI,10,5,1,19,17,3
CUST_00531,4781.11,weekly,UPI,8,0,1,9,19,1
CUST_00532,2430.85,monthly,UPI,10,5,2,18,15,5
CUST_00533,3781.09,weekly,UPI,23,1,2,8,16,4
CUST_00534,1070.01,biweekly,NETBANKING,6,2,0,19,18,2
CUST_00535,3971.28,biweekly,UPI,25,0,1,20,15,5
CUST_00536,2317.83,monthly,UPI,9,5,2,18,17,3
CUST_00537,662.23,biweekly,NETBANKING,2,3,2,10,19,1
CUST_00538,2028.13,biweekly,UPI,19,5,2,9,19,1
CUST_00539,1373.5,monthly,UPI,2,6,0,11,17,3
CUST_00540,516.11,biweekly,WALLET,5,1,0,16,15,5
CUST_00541,4074.64,monthly,WALLET,8,2,0,14,17,3
CUST_00542,4604.52,biweekly,NETBANKING,27,0,2,13,12,8
CUST_00543,861.18,monthly,UPI,6,1,2,8,16,4
CUST_00544,4784.17,weekly,WALLET,28,2,1,13,16,4
CUST_00545,706.01,biweekly,UPI,12,1,1,17,15,5
CUST_00546,3987.18,monthly,CARD,15,2,2,15,17,3
CUST_00547,4989.6,weekly,CARD,5,0,1,8,18,2
CUST_00548,1395.09,biweekly,UPI,11,0,2,14,15,5
CUST_00549,4290.33,monthly,NETBANKING,4,1,2,11,15,5
CUST_00550,2273.13,weekly,CARD,23,2,0,8,18,2
CUST_00551,4629.99,monthly,WALLET,23,2,1,19,19,1
CUST_00552,699.04,weekly,CARD,21,6,1,9,18,2
CUST_00553,3081.91,weekly,WALLET,22,1,0,12,19,1
CUST_00554,1526.66,biweekly,WALLET,23,6,2,13,16,4
CUST_00555,1794.87,biweekly,CARD,3,1,0,20,18,2
CUST_00556,3919.69,weekly,CARD,4,1,1,15,19,1
CUST_00557,1775.96,weekly,NETBANKING,25,1,1,12,18,2
CUST_00558,2477.73,weekly,UPI,6,6,2,12,17,3
CUST_00559,4184.02,monthly,UPI,7,6,1,10,16,4
CUST_00560,728.7,weekly,NETBANKING,13,4,0,18,18,2
CUST_00561,1704.55,weekly,UPI,13,6,1,16,17,3
CUST_00562,3815.97,weekly,UPI,15,0,0,9,19,1
CUST_00563,356.2,weekly,CARD,7,6,1,13,17,3
CUST_00564,3525.54,monthly,UPI,19,4,1,21,14,6
CUST_00565,652.44,weekly,CARD,21,3,0,9,17,3
CUST_00566,4553.87,biweekly,UPI,2,3,0,10,14,6
CUST_00567,4643.42,biweekly,WALLET,16,0,1,18,18,2
CUST_00568,2305.32,biweekly,CARD,6,2,1,15,16,4
CUST_00569,4452.09,weekly,CARD,21,2,1,14,18,2
CUST_00570,4449.06,biweekly,UPI,3,2,1,10,15,5
CUST_00571,2270.4,monthly,CARD,21,6,2,20,16,4
CUST_00572,391.79,biweekly,NETBANKING,16,4,1,13,18,2
CUST_00573,4589.58,monthly,NETBANKING,13,2,0,8,16,4
CUST_00574,1798.72,weekly,UPI,26,6,1,8,18,2
CUST_00575,4100.67,biweekly,NETBANKING,25,4,0,10,14,6
CUST_00576,770.63,monthly,CARD,9,4,2,8,15,5
CUST_00577,3891.03,weekly,WALLET,12,6,0,10,19,1
CUST_00578,1411.79,biweekly,NETBANKING,19,0,2,19,14,6
CUST_00579,1952.91,monthly,CARD,19,1,1,16,18,2
CUST_00580,1752.55,biweekly,UPI,3,0,0,17,19,1
CUST_00581,1328.4,monthly,WALLET,1,2,2,11,17,3
CUST_00582,4090.29,biweekly,CARD,26,6,1,8,17,3
CUST_00583,402.99,monthly,CARD,25,0,2,21,19,1
CUST_00584,2014.98,weekly,NETBANKING,23,5,1,17,18,2
CUST_00585,774.85,biweekly,NETBANKING,5,1,2,14,15,5
CUST_00586,4021.66,biweekly,NETBANKING,6,5,2,19,17,3
CUST_00587,4481.12,monthly,NETBANKING,8,5,2,21,17,3
CUST_00588,1124.15,biweekly,NETBANKING,5,1,2,8,16,4
CUST_00589,4759.3,monthly,WALLET,28,6,2,8,18,2
CUST_00590,1155.78,biweekly,CARD,21,4,0,15,15,5
CUST_00591,961.02,monthly,UPI,8,2,1,10,17,3
CUST_00592,3290.08,weekly,NETBANKING,15,0,1,11,17,3
CUST_00593,1472.84,weekly,NETBANKING,9,6,0,19,17,3
CUST_00594,306.02,biweekly,WALLET,24,3,0,14,13,7
CUST_00595,2617.49,biweekly,NETBANKING,18,3,0,21,17,3
CUST_00596,2553.6,monthly,CARD,6,3,0,20,17,3
CUST_00597,4275.08,biweekly,UPI,11,2,0,9,17,3
CUST_00598,1906.5,biweekly,CARD,24,0,2,9,16,4
CUST_00599,1888.37,monthly,WALLET,23,0,1,18,17,3
CUST_00600,1075.49,biweekly,CARD,2,0,1,11,15,5
CUST_00601,4879.67,biweekly,NETBANKING,22,2,1,11,18,2
CUST_00602,750.8,biweekly,WALLET,5,0,1,8,13,7
CUST_00603,2309.75,biweekly,WALLET,7,0,0,11,18,2
CUST_00604,1102.91,biweekly,UPI,16,6,0,12,19,1
CUST_00605,3988.92,biweekly,WALLET,22,2,0,18,19,1
CUST_00606,2857.39,weekly,NETBANKING,13,2,0,15,17,3
CUST_00607,509.7,biweekly,WALLET,9,1,1,17,16,4
CUST_00608,589.71,monthly,UPI,3,5,1,20,17,3
CUST_00609,2844.81,monthly,CARD,18,0,1,21,17,3
CUST_00610,2756.14,monthly,WALLET,19,1,1,12,18,2
CUST_00611,671.09,monthly,UPI,17,4,2,20,18,2
CUST_00612,2985.98,monthly,CARD,4,6,1,10,19,1
CUST_00613,4760.59,weekly,CARD,26,1,0,8,16,4
CUST_00614,2289.86,monthly,WALLET,7,6,2,10,18,2
CUST_00615,4220.31,biweekly,NETBANKING,24,6,0,9,18,2
CUST_00616,2124.07,biweekly,NETBANKING,28,2,2,15,18,2
CUST_00617,4610.66,weekly,WALLET,4,3,0,10,19,1
CUST_00618,2962.99,monthly,UPI,4,4,0,20,19,1
CUST_00619,1644.64,monthly,NETBANKING,14,2,1,18,17,3
CUST_00620,2582.25,monthly,WALLET,2,1,1,14,17,3
CUST_00621,976.11,monthly,WALLET,2,3,1,19,18,2
CUST_00622,1416.62,monthly,WALLET,9,2,0,13,16,4
CUST_00623,4141.71,biweekly,NETBANKING,9,6,1,21,19,1
CUST_00624,3572.06,weekly,CARD,5,2,2,15,18,2
CUST_00625,3937.95,biweekly,NETBANKING,24,3,2,18,17,3
CUST_00626,719.65,biweekly,CARD,27,3,2,15,17,3
CUST_00627,3869.62,biweekly,UPI,17,6,0,9,18,2
CUST_00628,1762.28,monthly,WALLET,5,6,2,17,17,3
CUST_00629,436.06,weekly,CARD,27,0,0,8,19,1
CUST_00630,2445.31,biweekly,CARD,9,2,1,16,18,2
CUST_00631,2165.63,weekly,UPI,8,2,1,17,16,4
CUST_00632,2396.69,biweekly,NETBANKING,12,1,1,19,14,6
CUST_00633,4205.09,weekly,NETBANKING,1,3,0,10,15,5
CUST_00634,4312.96,weekly,CARD,21,1,2,11,18,2
CUST_00635,1564.69,biweekly,UPI,28,6,2,8,18,2
CUST_00636,2528.26,weekly,CARD,20,6,0,11,18,2
CUST_00637,1486.24,biweekly,NETBANKING,14,3,1,15,15,5
CUST_00638,1484.39,biweekly,NETBANKING,22,4,2,14,18,2
CUST_00639,3047.09,weekly,NETBANKING,18,5,2,17,17,3
CUST_00640,1628.58,monthly,UPI,16,0,1,12,17,3
CUST_00641,3310.8,biweekly,NETBANKING,21,5,2,12,17,3
CUST_00642,1185.29,monthly,CARD,2,6,2,14,18,2
CUST_00643,3404.49,monthly,CARD,24,0,2,15,15,5
CUST_00644,4988.1,biweekly,WALLET,13,3,2,8,18,2
CUST_00645,3040.21,monthly,CARD,11,5,2,11,16,4
CUST_00646,3525.7,monthly,WALLET,22,2,2,12,18,2
CUST_00647,4273.47,monthly,CARD,10,0,1,10,14,6
CUST_00648,3782.32,monthly,CARD,22,2,2,9,18,2
CUST_00649,1344.59,weekly,NETBANKING,14,6,1,13,17,3
CUST_00650,1524.63,biweekly,WALLET,28,0,1,8,19,1
CUST_00651,4372.05,monthly,UPI,16,1,2,9,16,4
CUST_00652,4377.24,biweekly,NETBANKING,14,0,0,10,20,0
CUST_00653,4964.03,biweekly,WALLET,19,3,0,13,16,4
CUST_00654,4353.25,weekly,UPI,16,2,2,10,19,1
CUST_00655,1773.05,weekly,UPI,15,2,0,20,17,3
CUST_00656,3935.65,monthly,CARD,16,6,0,10,18,2
CUST_00657,3188.05,monthly,WALLET,13,3,1,14,18,2
CUST_00658,321.94,monthly,CARD,24,2,0,13,17,3
CUST_00659,3857.18,monthly,CARD,1,5,0,18,15,5
CUST_00660,3747.94,weekly,NETBANKING,10,1,0,14,19,1
CUST_00661,2665.68,biweekly,CARD,3,6,0,12,18,2
CUST_00662,4757.78,biweekly,NETBANKING,14,5,0,13,16,4
CUST_00663,4981.85,biweekly,NETBANKING,25,1,0,20,17,3
CUST_00664,2195.94,weekly,CARD,24,1,0,19,17,3
CUST_00665,402.99,monthly,CARD,4,2,2,18,14,6
CUST_00666,4023.0,biweekly,NETBANKING,25,4,2,8,15,5
CUST_00667,3091.44,weekly,UPI,21,6,0,8,17,3
CUST_00668,3541.82,biweekly,WALLET,13,0,2,12,19,1
CUST_00669,2529.66,weekly,CARD,23,5,2,8,13,7
CUST_00670,1715.25,monthly,UPI,22,4,1,17,19,1
CUST_00671,3146.48,weekly,WALLET,27,0,2,19,17,3
CUST_00672,3203.18,biweekly,UPI,26,0,1,11,19,1
CUST_00673,3162.31,biweekly,CARD,12,5,1,12,18,2
CUST_00674,1053.76,monthly,WALLET,7,5,1,13,16,4
CUST_00675,1402.17,weekly,UPI,4,6,2,18,18,2
CUST_00676,2622.29,weekly,UPI,24,5,0,12,10,10
CUST_00677,3328.38,biweekly,NETBANKING,9,3,0,9,17,3
CUST_00678,4121.94,weekly,NETBANKING,12,6,2,13,17,3
CUST_00679,2302.18,weekly,UPI,28,6,0,8,19,1
CUST_00680,4304.39,monthly,CARD,11,2,1,17,17,3
CUST_00681,1561.05,monthly,UPI,12,6,1,10,19,1
CUST_00682,835.01,biweekly,WALLET,9,6,1,19,14,6
CUST_00683,4298.16,biweekly,CARD,4,1,2,19,16,4
CUST_00684,575.64,weekly,UPI,14,4,1,20,16,4
CUST_00685,2974.03,biweekly,CARD,20,3,1,17,17,3
CUST_00686,435.44,monthly,CARD,16,3,0,14,19,1
CUST_00687,2371.23,weekly,NETBANKING,21,2,0,19,19,1
CUST_00688,4381.16,monthly,CARD,22,6,1,16,18,2
CUST_00689,2758.58,monthly,UPI,14,5,2,11,17,3
CUST_00690,2565.07,monthly,WALLET,5,6,2,17,17,3
CUST_00691,556.46,monthly,CARD,17,6,1,21,16,4
CUST_00692,2630.42,weekly,UPI,25,3,1,11,17,3
CUST_00693,1855.21,biweekly,UPI,17,1,2,18,15,5
CUST_00694,2079.6,weekly,UPI,15,3,2,15,18,2
CUST_00695,713.69,biweekly,WALLET,11,0,1,19,17,3
CUST_00696,3370.85,weekly,WALLET,14,0,2,16,20,0
CUST_00697,300.8,weekly,NETBANKING,17,4,0,18,17,3
CUST_00698,3455.93,biweekly,NETBANKING,27,0,0,21,16,4
CUST_00699,2435.96,monthly,WALLET,23,5,1,19,17,3
CUST_00700,2426.9,weekly,CARD,1,2,1,21,16,4
CUST_00701,3278.21,biweekly,NETBANKING,23,0,0,10,17,3
CUST_00702,2614.38,monthly,WALLET,4,2,2,11,19,1
CUST_00703,1181.45,biweekly,CARD,15,6,0,19,18,2
CUST_00704,1888.29,biweekly,UPI,21,6,2,17,18,2
CUST_00705,879.13,biweekly,WALLET,22,4,2,10,18,2
CUST_00706,4830.12,weekly,UPI,18,3,2,15,18,2
CUST_00707,4644.54,weekly,CARD,24,6,0,9,18,2
CUST_00708,2120.81,monthly,NETBANKING,17,3,1,17,18,2
CUST_00709,4604.78,weekly,NETBANKING,13,2,1,15,18,2
CUST_00710,4082.55,weekly,WALLET,20,5,2,16,17,3
CUST_00711,1704.89,monthly,NETBANKING,23,5,2,18,15,5
CUST_00712,1321.51,weekly,NETBANKING,22,2,2,10,16,4
CUST_00713,4912.28,monthly,CARD,17,4,2,18,15,5
CUST_00714,1815.19,weekly,NETBANKING,18,3,2,17,15,5
CUST_00715,4730.57,monthly,WALLET,22,5,2,12,17,3
CUST_00716,4424.14,biweekly,UPI,17,0,0,14,16,4
CUST_00717,983.04,monthly,UPI,7,2,0,12,18,2
CUST_00718,3511.93,weekly,UPI,23,6,1,11,17,3
CUST_00719,3841.89,weekly,NETBANKING,27,3,0,17,19,1
CUST_00720,4379.77,monthly,CARD,24,5,2,14,16,4
CUST_00721,1416.7,monthly,NETBANKING,23,5,0,14,18,2
CUST_00722,2121.51,monthly,NETBANKING,18,0,0,19,17,3
CUST_00723,1481.3,monthly,WALLET,27,1,2,19,16,4
CUST_00724,3634.86,biweekly,CARD,25,5,0,12,16,4
CUST_00725,2409.43,monthly,UPI,6,1,2,16,15,5
CUST_00726,860.96,weekly,WALLET,9,4,1,10,17,3
CUST_00727,1056.37,biweekly,UPI,11,3,2,10,13,7
CUST_00728,487.72,biweekly,UPI,25,5,2,21,17,3
CUST_00729,3410.88,biweekly,NETBANKING,3,6,2,13,16,4
CUST_00730,2769.36,weekly,UPI,26,4,0,14,20,0
CUST_00731,2852.48,biweekly,UPI,12,1,0,18,18,2
CUST_00732,1859.85,biweekly,NETBANKING,7,6,2,16,14,6
CUST_00733,2531.83,monthly,UPI,4,5,1,15,14,6
CUST_00734,1429.64,monthly,CARD,2,5,1,14,18,2
CUST_00735,4604.88,weekly,WALLET,9,4,2,12,16,4
CUST_00736,416.12,monthly,NETBANKING,17,6,2,15,19,1
CUST_00737,2587.98,biweekly,CARD,11,4,0,9,19,1
CUST_00738,1086.76,monthly,UPI,21,0,0,18,19,1
CUST_00739,3258.72,weekly,WALLET,27,0,0,16,19,1
CUST_00740,4195.12,monthly,WALLET,21,6,0,19,17,3
CUST_00741,3524.4,weekly,WALLET,23,2,0,9,14,6
CUST_00742,644.27,weekly,NETBANKING,18,0,2,21,15,5
CUST_00743,1369.93,biweekly,WALLET,13,3,2,14,16,4
CUST_00744,2335.22,weekly,WALLET,22,0,2,8,15,5
CUST_00745,3314.69,monthly,UPI,25,5,2,8,19,1
CUST_00746,3594.15,weekly,NETBANKING,17,0,1,20,15,5
CUST_00747,3523.63,monthly,UPI,10,6,1,14,18,2
CUST_00748,2157.03,monthly,UPI,16,1,2,11,16,4
CUST_00749,940.99,biweekly,NETBANKING,21,1,1,18,17,3
CUST_00750,4468.8,monthly,NETBANKING,1,4,2,10,17,3
CUST_00751,879.21,weekly,WALLET,18,4,0,12,17,3
CUST_00752,1287.25,monthly,NETBANKING,7,3,2,21,18,2
CUST_00753,2709.0,weekly,CARD,8,4,1,11,18,2
CUST_00754,838.73,monthly,UPI,28,6,2,15,15,5
CUST_00755,3329.97,weekly,NETBANKING,22,0,1,9,16,4
CUST_00756,1227.86,monthly,WALLET,11,2,0,18,17,3
CUST_00757,3380.72,weekly,NETBANKING,20,0,0,13,18,2
CUST_00758,2583.55,biweekly,NETBANKING,23,4,0,17,13,7
CUST_00759,2964.25,biweekly,WALLET,6,0,1,11,17,3
CUST_00760,3992.6,monthly,WALLET,9,6,1,10,15,5
CUST_00761,3494.03,biweekly,WALLET,15,3,1,20,15,5
CUST_00762,1735.72,monthly,UPI,6,5,2,9,15,5
CUST_00763,4256.43,weekly,CARD,9,5,2,9,15,5
CUST_00764,3718.9,weekly,UPI,27,4,2,14,16,4
CUST_00765,3915.24,weekly,UPI,18,2,2,16,16,4
CUST_00766,2518.89,weekly,NETBANKING,13,1,2,19,15,5
CUST_00767,4328.67,weekly,WALLET,17,4,0,14,17,3
CUST_00768,2010.17,weekly,CARD,28,6,2,18,17,3
CUST_00769,1079.46,monthly,CARD,15,1,0,17,17,3
CUST_00770,4758.95,monthly,CARD,24,5,1,13,16,4
CUST_00771,489.97,biweekly,CARD,3,2,1,11,20,0
CUST_00772,501.2,weekly,NETBANKING,13,3,1,8,17,3
CUST_00773,487.55,monthly,NETBANKING,4,5,2,18,16,4
CUST_00774,4199.34,monthly,NETBANKING,19,4,2,10,17,3
CUST_00775,2070.3,biweekly,NETBANKING,19,5,0,16,19,1
CUST_00776,1482.46,weekly,WALLET,12,6,1,15,16,4
CUST_00777,4025.49,monthly,UPI,17,1,1,10,17,3
CUST_00778,1380.96,monthly,NETBANKING,7,1,0,10,18,2
CUST_00779,2002.45,monthly,UPI,22,1,1,20,15,5
CUST_00780,1852.06,weekly,WALLET,22,3,1,11,18,2
CUST_00781,3076.72,monthly,WALLET,1,1,0,10,18,2
CUST_00782,2995.39,weekly,CARD,21,4,0,17,17,3
CUST_00783,990.27,weekly,NETBANKING,6,4,1,17,19,1
CUST_00784,4855.45,monthly,UPI,24,5,2,21,13,7
CUST_00785,1632.24,weekly,CARD,15,4,1,21,14,6
CUST_00786,2563.84,weekly,WALLET,20,1,2,21,16,4
CUST_00787,3907.2,monthly,NETBANKING,6,5,2,13,19,1
CUST_00788,4635.05,monthly,UPI,8,3,1,10,16,4
CUST_00789,810.28,weekly,WALLET,27,1,2,9,18,2
CUST_00790,1133.88,monthly,UPI,26,4,2,20,16,4
CUST_00791,852.33,biweekly,CARD,20,4,0,20,18,2
CUST_00792,3489.23,biweekly,WALLET,12,6,0,19,17,3
CUST_00793,2790.14,weekly,WALLET,26,6,1,13,16,4
CUST_00794,3068.53,monthly,UPI,14,1,1,15,18,2
CUST_00795,3899.54,weekly,NETBANKING,20,4,1,12,16,4
CUST_00796,1188.4,monthly,UPI,19,4,0,16,16,4
CUST_00797,333.81,monthly,CARD,23,6,1,14,14,6
CUST_00798,2002.67,weekly,WALLET,21,4,1,12,13,7
CUST_00799,4318.39,biweekly,NETBANKING,20,2,2,14,18,2
CUST_00800,3848.37,biweekly,WALLET,6,2,2,16,17,3
CUST_00801,2573.67,biweekly,NETBANKING,25,5,1,19,19,1
CUST_00802,948.92,monthly,UPI,24,1,1,20,19,1
CUST_00803,3586.76,weekly,UPI,7,4,1,20,17,3
CUST_00804,1890.66,monthly,UPI,6,3,2,8,16,4
CUST_00805,4080.54,weekly,WALLET,20,3,0,9,16,4
CUST_00806,1536.53,biweekly,UPI,20,0,2,14,16,4
CUST_00807,4674.22,biweekly,NETBANKING,23,4,0,20,17,3
CUST_00808,4155.08,monthly,WALLET,15,0,0,21,15,5
CUST_00809,3387.36,monthly,NETBANKING,7,0,2,16,17,3
CUST_00810,2724.32,weekly,CARD,22,0,1,11,17,3
CUST_00811,3378.59,weekly,UPI,9,6,1,13,17,3
CUST_00812,3447.41,biweekly,CARD,17,0,2,19,16,4
CUST_00813,622.5,weekly,NETBANKING,24,6,2,17,18,2
CUST_00814,1936.05,biweekly,CARD,20,1,1,14,18,2
CUST_00815,3002.06,biweekly,CARD,14,4,0,16,19,1
CUST_00816,640.21,biweekly,NETBANKING,4,6,2,12,19,1
CUST_00817,4417.73,monthly,NETBANKING,23,3,1,17,19,1
CUST_00818,2573.06,weekly,NETBANKING,25,3,2,15,15,5
CUST_00819,4513.66,weekly,WALLET,4,2,0,14,18,2
CUST_00820,3278.21,weekly,CARD,26,2,1,13,15,5
CUST_00821,2727.57,weekly,NETBANKING,8,2,0,14,17,3
CUST_00822,3466.38,biweekly,UPI,18,1,1,13,17,3
CUST_00823,1961.63,monthly,NETBANKING,6,5,2,11,17,3
CUST_00824,2645.3,weekly,CARD,24,1,1,11,18,2
CUST_00825,1377.28,weekly,NETBANKING,5,6,0,9,16,4
CUST_00826,4624.88,monthly,WALLET,20,0,2,8,17,3
CUST_00827,4285.65,biweekly,NETBANKING,16,4,1,15,15,5
CUST_00828,1159.5,monthly,NETBANKING,13,1,2,10,17,3
CUST_00829,554.5,biweekly,WALLET,18,0,2,13,16,4
CUST_00830,2150.47,monthly,CARD,15,0,2,16,15,5
CUST_00831,2462.33,monthly,UPI,1,5,0,14,19,1
CUST_00832,3030.74,biweekly,NETBANKING,20,6,1,10,16,4
CUST_00833,2878.25,weekly,NETBANKING,16,4,1,13,16,4
CUST_00834,1164.39,biweekly,CARD,14,5,1,13,19,1
CUST_00835,4315.33,biweekly,WALLET,6,4,0,17,16,4
CUST_00836,3524.26,weekly,NETBANKING,26,1,2,14,18,2
CUST_00837,4324.65,weekly,CARD,26,5,0,15,19,1
CUST_00838,4086.64,weekly,WALLET,16,1,2,16,18,2
CUST_00839,2809.72,biweekly,WALLET,10,2,2,21,18,2
CUST_00840,2968.82,biweekly,UPI,23,1,0,11,17,3
CUST_00841,4124.94,biweekly,UPI,15,5,1,12,15,5
CUST_00842,1996.52,monthly,NETBANKING,12,0,1,9,17,3
CUST_00843,1950.13,monthly,CARD,19,4,2,18,16,4
CUST_00844,2830.66,biweekly,NETBANKING,11,5,2,15,14,6
CUST_00845,3941.3,biweekly,UPI,13,4,1,15,16,4
CUST_00846,3269.05,weekly,CARD,21,6,1,14,18,2
CUST_00847,3266.99,monthly,WALLET,28,0,0,10,18,2
CUST_00848,1915.04,biweekly,NETBANKING,21,2,2,12,14,6
CUST_00849,3145.31,biweekly,NETBANKING,15,6,1,19,17,3
CUST_00850,3058.52,biweekly,WALLET,6,1,0,10,17,3
CUST_00851,3720.53,monthly,NETBANKING,24,5,2,9,15,5
CUST_00852,1289.69,biweekly,UPI,4,0,1,16,20,0
CUST_00853,552.98,biweekly,UPI,4,2,2,10,20,0
CUST_00854,696.26,biweekly,NETBANKING,8,1,2,12,17,3
CUST_00855,2382.85,weekly,CARD,17,6,0,8,17,3
CUST_00856,465.23,biweekly,NETBANKING,28,3,1,21,18,2
CUST_00857,2840.75,biweekly,WALLET,5,5,2,10,19,1
CUST_00858,3076.91,biweekly,WALLET,17,5,2,16,14,6
CUST_00859,1755.41,biweekly,WALLET,18,1,0,15,19,1
CUST_00860,1746.98,biweekly,NETBANKING,5,2,0,8,17,3
CUST_00861,2759.59,weekly,NETBANKING,10,3,2,8,17,3
CUST_00862,3532.52,biweekly,WALLET,10,0,1,20,19,1
CUST_00863,1676.74,weekly,UPI,18,2,0,14,19,1
CUST_00864,4446.16,biweekly,WALLET,8,1,2,19,13,7
CUST_00865,3336.16,biweekly,CARD,9,0,1,18,17,3
CUST_00866,1425.94,monthly,NETBANKING,10,5,2,16,14,6
CUST_00867,4101.4,biweekly,CARD,28,0,0,10,15,5
CUST_00868,1661.1,monthly,WALLET,20,3,1,19,19,1
CUST_00869,3226.94,weekly,NETBANKING,1,1,0,16,18,2
CUST_00870,404.02,weekly,NETBANKING,9,1,2,15,17,3
CUST_00871,3717.4,weekly,UPI,5,0,1,11,20,0
CUST_00872,1906.99,biweekly,WALLET,12,3,2,20,20,0
CUST_00873,449.16,weekly,CARD,2,2,1,9,17,3
CUST_00874,2853.0,weekly,CARD,27,2,1,21,17,3
CUST_00875,359.29,monthly,CARD,13,6,1,11,17,3
CUST_00876,3766.81,weekly,CARD,15,5,0,16,16,4
CUST_00877,3430.24,weekly,WALLET,13,5,1,13,16,4
CUST_00878,1045.47,monthly,UPI,24,4,2,9,16,4
CUST_00879,1490.57,monthly,NETBANKING,7,2,0,21,18,2
CUST_00880,3433.47,weekly,CARD,21,3,1,8,16,4
CUST_00881,1086.59,biweekly,UPI,13,6,0,8,16,4
CUST_00882,4853.52,monthly,WALLET,23,4,0,13,18,2
CUST_00883,3922.75,weekly,CARD,16,0,2,17,19,1
CUST_00884,1890.58,monthly,UPI,2,2,2,10,17,3
CUST_00885,3596.24,weekly,CARD,16,1,1,16,17,3
CUST_00886,4006.24,biweekly,WALLET,24,1,0,19,19,1
CUST_00887,2075.51,monthly,CARD,9,0,1,19,15,5
CUST_00888,2356.25,biweekly,WALLET,7,4,0,16,15,5
CUST_00889,1934.02,monthly,WALLET,9,6,2,21,19,1
CUST_00890,2906.25,weekly,CARD,15,2,1,16,17,3
CUST_00891,2025.43,weekly,WALLET,24,1,0,17,16,4
CUST_00892,4327.1,monthly,CARD,11,5,0,18,17,3
CUST_00893,4845.67,biweekly,CARD,17,5,1,20,15,5
CUST_00894,2891.9,monthly,NETBANKING,11,3,2,13,18,2
CUST_00895,819.18,monthly,UPI,2,6,0,10,17,3
CUST_00896,4405.42,weekly,UPI,16,1,0,8,19,1
CUST_00897,2983.76,biweekly,WALLET,17,4,2,17,17,3
CUST_00898,1502.91,biweekly,CARD,20,5,0,8,18,2
CUST_00899,4671.99,weekly,WALLET,27,0,1,20,15,5
CUST_00900,3302.91,biweekly,WALLET,27,2,2,8,18,2
CUST_00901,4171.12,biweekly,UPI,24,0,1,9,16,4
CUST_00902,4739.64,monthly,UPI,4,5,0,16,14,6
CUST_00903,2111.06,weekly,CARD,19,5,0,16,15,5
CUST_00904,3821.21,biweekly,UPI,25,5,2,13,19,1
CUST_00905,3470.12,monthly,WALLET,4,1,0,16,14,6
CUST_00906,2187.32,biweekly,CARD,18,4,1,13,17,3
CUST_00907,4541.68,monthly,NETBANKING,28,2,1,20,17,3
CUST_00908,3276.23,monthly,NETBANKING,20,1,2,16,19,1
CUST_00909,1305.46,monthly,NETBANKING,12,3,1,14,16,4
CUST_00910,300.92,weekly,NETBANKING,20,0,2,10,16,4
CUST_00911,4969.04,biweekly,UPI,10,1,0,21,19,1
CUST_00912,1780.05,monthly,NETBANKING,18,4,2,17,18,2
CUST_00913,4651.84,weekly,UPI,2,3,1,10,19,1
CUST_00914,950.52,biweekly,CARD,8,2,1,9,17,3
CUST_00915,2981.29,monthly,CARD,24,0,2,13,19,1
CUST_00916,4026.65,weekly,WALLET,27,5,2,17,16,4
CUST_00917,4151.72,weekly,NETBANKING,2,5,2,14,20,0
CUST_00918,668.84,weekly,NETBANKING,12,6,1,14,17,3
CUST_00919,4672.16,weekly,CARD,24,5,2,8,18,2
CUST_00920,3279.27,monthly,WALLET,2,2,2,8,20,0
CUST_00921,1800.79,monthly,CARD,11,4,2,11,17,3
CUST_00922,1020.03,monthly,WALLET,15,6,2,17,17,3
CUST_00923,2672.23,weekly,WALLET,10,6,1,10,18,2
CUST_00924,921.29,weekly,WALLET,19,5,0,16,14,6
CUST_00925,2176.2,weekly,WALLET,17,3,2,10,18,2
CUST_00926,3881.55,biweekly,CARD,16,3,2,17,17,3
CUST_00927,1221.67,monthly,CARD,8,0,1,20,20,0
CUST_00928,2321.31,monthly,UPI,4,5,1,14,15,5
CUST_00929,2016.76,weekly,NETBANKING,12,4,2,8,18,2
CUST_00930,3917.5,weekly,NETBANKING,20,6,1,17,17,3
CUST_00931,985.35,weekly,CARD,7,5,1,10,20,0
CUST_00932,3861.35,weekly,UPI,24,0,0,17,18,2
CUST_00933,4655.63,biweekly,UPI,11,5,0,12,16,4
CUST_00934,2415.29,weekly,NETBANKING,7,5,2,11,18,2
CUST_00935,1257.87,monthly,NETBANKING,18,3,2,19,14,6
CUST_00936,4963.82,monthly,UPI,13,4,2,16,13,7
CUST_00937,504.37,weekly,UPI,10,1,2,17,19,1
CUST_00938,1575.02,biweekly,UPI,3,3,2,12,14,6
CUST_00939,3416.01,monthly,NETBANKING,28,0,0,12,17,3
CUST_00940,4376.83,monthly,WALLET,8,3,2,19,17,3
CUST_00941,768.14,biweekly,WALLET,28,4,2,9,19,1
CUST_00942,1176.16,monthly,WALLET,18,5,0,8,17,3
CUST_00943,1462.74,monthly,NETBANKING,11,3,1,19,15,5
CUST_00944,1037.92,biweekly,NETBANKING,12,5,1,11,18,2
CUST_00945,4981.17,monthly,NETBANKING,26,0,2,12,17,3
CUST_00946,4429.78,weekly,NETBANKING,8,1,1,14,15,5
CUST_00947,3387.58,weekly,WALLET,17,5,2,21,15,5
CUST_00948,3239.97,weekly,WALLET,8,4,0,14,18,2
CUST_00949,4861.52,monthly,NETBANKING,15,4,0,11,17,3
CUST_00950,3366.62,monthly,CARD,28,1,1,19,14,6
CUST_00951,3614.14,monthly,CARD,14,6,0,18,17,3
CUST_00952,4685.24,weekly,NETBANKING,3,4,2,19,17,3
CUST_00953,856.42,biweekly,CARD,24,0,1,14,15,5
CUST_00954,4817.62,biweekly,WALLET,24,6,2,19,15,5
CUST_00955,1586.84,weekly,UPI,5,1,0,20,19,1
CUST_00956,4933.99,monthly,NETBANKING,20,4,2,11,18,2
CUST_00957,3102.9,weekly,UPI,12,0,2,20,17,3
CUST_00958,2540.03,monthly,WALLET,23,5,1,10,17,3
CUST_00959,4305.01,biweekly,WALLET,5,1,0,11,16,4
CUST_00960,451.48,weekly,NETBANKING,14,1,2,18,19,1
CUST_00961,4944.74,weekly,UPI,6,3,2,15,17,3
CUST_00962,3532.95,biweekly,CARD,14,3,0,17,17,3
CUST_00963,3756.06,biweekly,NETBANKING,13,4,2,17,16,4
CUST_00964,3090.89,monthly,UPI,17,0,1,15,15,5
CUST_00965,4186.95,weekly,CARD,17,4,1,19,19,1
CUST_00966,484.48,biweekly,UPI,7,2,1,14,15,5
CUST_00967,4456.67,biweekly,WALLET,6,3,1,17,18,2
CUST_00968,4619.45,monthly,CARD,15,6,2,15,13,7
CUST_00969,725.07,monthly,UPI,6,6,2,19,17,3
CUST_00970,2868.11,biweekly,WALLET,11,3,0,10,17,3
CUST_00971,2432.3,monthly,CARD,15,0,1,13,18,2
CUST_00972,3551.07,monthly,CARD,23,5,0,9,18,2
CUST_00973,836.58,biweekly,NETBANKING,3,4,2,14,18,2
CUST_00974,3716.31,monthly,CARD,13,4,1,8,18,2
CUST_00975,3910.82,biweekly,CARD,6,6,0,10,17,3
CUST_00976,3915.04,weekly,WALLET,10,2,2,20,19,1
CUST_00977,4816.54,biweekly,CARD,4,1,0,8,15,5
CUST_00978,3226.03,biweekly,UPI,15,3,1,16,18,2
CUST_00979,4095.04,monthly,WALLET,8,1,2,18,17,3
CUST_00980,2535.85,biweekly,WALLET,3,4,2,8,19,1
CUST_00981,1450.15,monthly,NETBANKING,20,5,2,21,19,1
CUST_00982,4178.69,weekly,CARD,5,0,2,13,19,1
CUST_00983,472.59,weekly,NETBANKING,11,0,0,9,17,3
CUST_00984,2259.7,weekly,CARD,22,2,2,18,17,3
CUST_00985,3550.11,monthly,CARD,15,5,2,13,18,2
CUST_00986,4677.96,weekly,NETBANKING,11,2,1,21,18,2
CUST_00987,618.03,biweekly,UPI,10,3,0,9,17,3
CUST_00988,3564.71,biweekly,NETBANKING,17,3,2,11,17,3
CUST_00989,3570.4,monthly,UPI,4,4,2,18,18,2
CUST_00990,2786.05,weekly,WALLET,24,5,2,20,15,5
CUST_00991,4935.51,biweekly,WALLET,20,6,1,12,18,2
CUST_00992,2769.34,monthly,NETBANKING,5,4,2,15,18,2
CUST_00993,2742.62,monthly,WALLET,16,6,0,17,18,2
CUST_00994,1393.79,biweekly,CARD,1,0,0,15,18,2
CUST_00995,3239.67,weekly,CARD,26,4,1,14,18,2
CUST_00996,513.81,biweekly,CARD,1,5,0,19,17,3
CUST_00997,1623.65,weekly,NETBANKING,10,4,2,13,17,3
CUST_00998,3905.05,weekly,NETBANKING,11,3,2,17,19,1
CUST_00999,3195.17,weekly,CARD,7,2,1,18,17,3
CUST_01000,2551.81,biweekly,UPI,21,1,1,10,13,7
